0|Miki|Mikic|13
1|Maki|Makic|22
2|Heli|halic|23
3|mile|kitic|70
4|elena|kitic|26
5|Sasa|Matic|50
6|Dejan|Matic|50
7|Miki|Maric|12
8|Sale|Savic|13
9|Pero|pekic|22
10|Siki|sikic|11
11|piki|pikic|11
12|mmm|mmm|11
13|dddd|rrrr|23
14|ffff|tttt|33
15|dddd|rrrrr|22
16|fff|uy|33
17|Uros|Zivkovic|25
18|Uros|Zivkovic|25
19|pero|pikic|11
20|Uros|Zivkovic|25
21|miki|jiki|14
22|TURAO|uy|15
23|TURAo2|Zivkovic|35
24|Uros|Zivkovic|25
25|ww|ww|44
26|Uros|Zivkovic|25
27|Uros|Zivkovic|25
28|hehe|hihi|15
29|Uros|Zivkovic|25
30|gigi|ff|23
31|Uros|Zivkovic|25
32|lili|pili|24
33|Uros|Zivkovic|25
34|hihi|jj|22
35|Uros|Zivkovic|25
36|Uros|Zivkovic|25
37|titi|tt|44
38|Uros|Zivkovic|25
39|gigi|ww|22
